1,가나의 수도는 아크라 이다,1
2,가봉의 수도는 조지타운 이다,2
3,감비아의 수도는 반줄 이다,1
4,괌의 수도는 하갓냐 이다,1
5,과테말라의 수도는 과테말라시티 이다,2
6,나이지리아의 수고는 아부지 다,2
7,뉴질랜드의 수도는 웰링턴 이다,1
8,니카라과의 수도는 마나과 이다,1
9,도미니카의 수도는 산토도밍고 이다,2
10,동티모르의 수도는 딜리 이다,1
11,라오스의 수도는 비엔티안 이다,1
12,라트비아의 수도는 가리 이다,2
13,레바논의 수도는 베이루트 이다,1
14,루마니아의 수도는 슈쿠레부티 이다,2
15,룩셈부르크의 수도는 룩셈부르크가 아니다,2
16,르완다의 수도는 키갈리 이다,1
17,리비아의 수도는 프렘폴린 이다,2
18,리투아니아의 수도는 빌뉴스 이다,1
19,마다가스카르의 수도는 안타나리보나 이다,2
20,마케도니아 공화국의 수도는 스코페 이다,1
21,말레이시아의 수도는  쿠알룸라푸르 이다,2
22,모나코의 수도는 모나코 이다,1
23,모잠비크의 수도는 마투푸 이다,2
24,몰도바의 수도는 말레 이다,2
25,몰디브의 수도는 키시너우 이다,2
26,몰타의 수도는  발레타 이다,1
27,미얀마의 수도는 네피도 이다,1
28,바누아투의 수도는 포트나빌라 이다,2
29,바레인의 수도는  마나마 이다,1
30,바티칸 시국의 수도는  바티칸 이다,1
31,바하마의 수도는 나소 이다,1
32,방글라데시의 수도는 자카르타 이다,2
33,베네수엘라의 수도는  키라키스 이다,2
34,보츠나와의 수도는  가보로네 이다,1
35,부르키나파소의 수도는  와가두구 이다,1
36,불가리아의 수도는 불가리스 이다,2
37,브루나의의 수도는  반다르스리브가완 이다,1
38,사우디아라비아의 수도는 사우디아라비아 이다,2
39,산마리노의 수도는  바스테르 이다,2
40,세네갈의 수도는  다카르 가 아니다,2
41,세르비아의 수도는  베오그라드 이다,1
42,세인트루시아의 수도는  캐스트리스 이다,1
43,소말리아의 수도는  모가디슈 이다,1
44,솔로몬 제도의 수도는 하르게이사 이다,2
45,수단의 수도는  하르쇼 이다,2
46,수리남의 수도는  파라마리보 이다,1
47,슬로바키아의 수도는  브라티슬라바 이다,1
48,시리아의 수도는  다스쿠스 이다,2
49,싱가포르의 수도는  싱가포르시티 이다,2
50,아르메니아의 수도는  예레반 이다,1
51,아이슬란드의 수도는  레이캬비크 이다,1
52,아이티의 수도는  포르토프랭스 이다,1
53,아제르바이잔의 수도는  바쿠바쿠 이다,2
54,아프가니스탄의 수도는 카불 이다,1
55,안도라의 수도는  안도라라베야 이다,1
56,알바니아의 수도는  티라나 이다,1
57,알제리의 수도는  알제리 이다,2
58,압하스의 수도는  수후미 이다,1
59,앙골라의 수도는  루안다 이다,1
60,앤타가 바부다의 수도는  아마스라 이다,2
61,에티오피아의 수도는  아디스아바바 이다,1
62,엘살바도르의 수도는  산살바도르 이다,1
63,예멘의 수도는 미나 이다,2
64,오만의 수도는  무스카드 이다,1
65,온두라스의 수도는  테구시갈파 이다,1
66,우간다의 수도는  캄라팔 이다,2
67,인도의 행정수도는 뉴델리 이다,2
68,잠비아의 수도는 루사카 이다,1
69,조지아의 수도는  트리빌시 이다,2
70,지부티의 수도는  지부티 이다,1
71,짐바브웨의 수도는  하라레 이다,1
72,칠레의 수도는  은자메나 이다,2
73,카자흐스탄의 수도는  아스타나 이다,1
74,카메룬의 수도는  프라이아 이다.,2
75,캄보디아의 수도는  프놈펜 이다,1
76,코모로의 수도는  니로모 이다 ,2
77,코소보의 수도는  프리슈티나 이다,1
78,코스타리카의 수도는  산호세 이다,1
79,키르기스스탄의 수도는  비슈케크 이다,1
80,키리바시의 수도는  니코시아 이다,2
81,탄자니아의 수도는  도도마 이다,1
82,퉁가의 수도는  누쿠알로파 이다,1
83,투발루의 수도는  푸티푸나 이다,2
84,파라과이의 수도는  아순시온 이다,1
85,팔라우의 수도는  라말라 이다,2
86,"비트코인의 최대 발행량은   210,000,000개 이다",2
87,"비트코인의 최대 발행량은   21,000,000개 이다",1
88,"비트코인의 최대 발행량은   2,100,000,000개 이다",2
89,비트코인은   2008년 나카모토 사토시라는 가명의 개발자로부터 시작되었다,1
90,비트코인은   2010년 나카모토 사토시라는 가명의 개발자로부터 시작된 것이 아니다,1
91,BTC 와 XBT 는 다른 코인이다,2
92,0.001 BTC 는   1mBTC 이라고 한다,1
93,비트코인의 반감기 주기는 2년이다,2
94,비트코인의 채굴은 그래픽카드가 주로 사용된다,2
95,비트코인은 SHA-256 해시 알고리즘을 사용한다,1
96,비트코인의 증명 방식은 POS (Proof-of-Stake)다,2
97,비트코인은 반감기마다  25%씩 공급이 줄어든다,2
98,2006년 6월 16일   bitcoin.org 가 등록되었다,2
99,사토시 나카모토는 첫 채굴을 통해 50BTC를 얻었다.,1
100,"2010년 5월 22일 (피자데이)  피자 2판과 교환된 비트코인의 양은  10,000 BTC 이다",1
101,비트코인의 다음 반감기는  2020년 이다,1
102,이더리움 (ETH) 의 도입일은 2016년 7월 30일 이다,2
103,이오스 (EOS)의 작업 증명은  DPOS (Delegated Proof Of Stake) 방식이다,1
104,이오스 (EOS)는 사용자에게 수수료를 요구 하지 않는다,1
105,이오스 (EOS)는 블랙원 (Black.one) 이 개발한 소프트웨어 이다,2
106,이오스 (EOS)는 블록원 (Block.one) 이 개발한 소프트웨어 이다,1
107,블록원 (Block.one)은 이오스(EOS)가 개발한 소프트웨어 이다,2
108,이오스 (EOS)의 주요 개발자는 비탈릭 부테린(Vitalik Buterin) 이다,2
109,이오스 (EOS)의 주요 개발자는 댄 라리머(Dan Larimer) 이다,1
110,EOS를 한글 자판으로 입력하면 댄 이다,1
111,이오스 (EOS)는 헌법이 존재한다,1
112,"이오스 (EOS) 헌법  제1조는 ""구성원들은 다른 구성원에게 폭력 또는 폭력적인 협박을 가해선 아니 된다."" 이다",1
113,이오스 (EOS)의 ICO 시작일은 2017년 5월 26일 이다,2
114,공개된 나카모토 사토시의 이메일 주소는 satoshin@gmx.com 이다,1
115,"스팀의 코인 종류는 3가지 이다. 스팀 , 스팀파워 , 스팀달러",1
116,"스팀의 코인 종류는 스팀 , 스팀파워 , 스팀달려 3가지 이다. ",2
117,"스팀의 비밀번호(프라이빗 키)는 총 4가지 이다. (포스팅 , 액티브 , 마스터 , 메모)",1
118,스팀은 2017년 3월에 베타 서비스를 시작 하였다,2
119,"스팀의 유저수는 2018년 7월 기준으로 1,000,000명이 넘었다",2
120,스팀은 2017년 3월에 베타 서비스를 시작 하였다,2
121,"스팀이 지금까지 콘텐츠로 만들어낸 금액을 원화로 환산하면 400억이 넘는다 (2018년7월 기준,  1$ =1100원)",1
122,스팀의 명성도(Reputation) 는 스팀파워의 크기로 정해진다,2
123,스팀의 증인은 스팀 블록을 생성하는 블록 생산자를 의미한다,1
124,스팀의 증인 보팅은 계정당 최대 10명에게 투표가 가능하다,2
125,스팀은 커뮤니티 생성 및 암호화폐 거래를 지원하는 블록체인 데이터베이스이다,1
126,"스팀 네트워크 안의 자산은 Steem , Steem Power , Steem Dollars 3가지 이다",1
127,스팀의 Steem Power는 유동성 화폐이므로 거래소에서 사거나 팔 수 있다,2
128,스팀 네트워크는 BitShares에 적용된 기술인 그래핀 (Graphene)을 기반으로 구축되었다 ,1
129,스팀은 전 세계에서 엄선된 마이너들에 의해 운영되는 분산 네트워크 이다,1
130,스팀의 자산 중에 스팀파워에서 스팀으로 전환은 30주에 걸쳐 균등하게 반환된다,2
131,스팀의 자산 중 스팀파워 (Steem Power) 는 SPC 로 표기한다,2
132,스팀의 자산 중 스팀달러 (Steem Dollars) 는 SBD 로 표기한다,1
133,스팀의 자산 중 스팀파워 (Steem Power) 는 SP 로 표기한다,1
134,스팀의 자산 중 스팀달러 (Steem Dollars) 는 SD 로 표기한다,2
135,스팀은 이더리움(ETH)과 동일하게 거래 수수료를 사용자가 부담한다,2
136,스팀의 노동지분 (Sweat Equity)는 콘텐츠 제작및 보팅 등의 활동을 의미한다,1
137,"리플(XRP)의 최대 발행량은 100,000,000,000 개 이다",2
138,"리플(XRP)의 최대 발행량은 1,00억 개 이다",2
139,리플의 기호는 RXP 이다,2
140,리플(XRP)의 수수료는 마이너들에게 지급된다,2
141,"""리또속"" 은  '리버플한테 또 속았다' 의 의미이다",2
142,리플(XRP)은 POS (Proof of Stake) 증명 방식을 사용한다,2
143,"리플(XRP) 네트워크 에서 유효성검사자는 자발적으로 될 수 있으며, 직접적인 보상은 없다",1
144,리플(XRP)은 설립자(Founder)에게 총 200억개의 XRP 가 책정 되었다,1
145,리플(XRP)개발사인 리플연구소(Ripple Labs)의 원래 이름은 오픈코인(Opencoin) 이었다,1
146,리플(XRP)은 POWS (Proof of Work&Stake) 증명 방식을 사용한다,2
147,리플(XRP)의 주요 개발자 였던 제드 맥칼렙은 현재  모네로(XMR)를 개발 중이다,2
148,리플(XRP)의 주요 개발자 였던 제드 맥칼렙은 현재  스텔라(XLM)를 개발 중이다,1
149,비트코인 캐시는 PoW (Proof of Work) 증명 방식을 사용한다,1
150,비트코인 캐시는 PoS (Proof of Steke) 증명 방식을 사용한다,2
151,"비트코인 캐시의 최대 발행량은 21,000,000 개 이다",1
152,"비트코인 캐시의 최대 발행량은 210,000,000 개 이다",2
153,비트코인 캐시의 최대 발행량은 2천100만 개 이다,1
154,비트코인 캐시의 반감기는 비트코인과 다르다,2
155,비트코인 캐시는 SHA-256 해시 알고리즘을 사용한다,1
156,비트코인 캐시는 비트캐시(BitCash)라고도 한다,2
157,비트코인 캐시는 소액 결제의 경우 1컨펌 (1-conf)을 허용한다,2
158,비트코인 캐시는 소액 결제의 경우 제로컨펌 (0-conf)을 허용한다,1
159,비트코앤 캐시의 아버지라고 불리는 자는 우지한 이다,1
160,비트코앤 캐시의 아버지라고 불리는 자는 찰리리 이다,2
161,"스팀의 코인 종류는 4가지 이다. 스팀 , 스팀파워, 베스트, 스팀달러",2
162,"스팀의 코인 종류는 2가지 이다. 스팀 , 스팀달러",2
163,"스팀의 비밀번호(프라이빗 키)는 총 3가지 이다. (포스팅 , 액티브 , 마스터)",2
164,스팀은 2016년 3월에 베타 서비스를 시작 하였다,1
165,스팀은 2015년 3월에 베타 서비스를 시작 하였다,2
166,"스팀의 유저수는 2018년 7월 기준으로 900,000명이 넘었다",1
167,스팀의 유저수는 2018년 7월 기준으로 천만명이 넘었다,2
168,"스팀이 지금까지 콘텐츠로 만들어낸 금액을 원화로 환산하면 4,400억이 넘는다 (2018년7월 기준,  1$ =1100원)",2
169,"스팀이 지금까지 콘텐츠로 만들어낸 금액을 원화로 환산하면 1000억이 넘는다 (2018년7월 기준,  1$ =1100원)",2
170,비트코인은   2009년 나카모토 사토시라는 가명의 개발자로부터 시작되었다,2
171,BTC 와 XBT 는 모두 비트코인이다,1
172,0.01 BTC 는   1cBTC (센티코인) 이라고 한다,1
173,비트코인의 최소단위 0.00000001 BTC 는 사토시(satoshi) 이라고 한다,1
174,비트코인의 최소단위 0.00000001 BTC 는 나카모토(nakamoto) 이라고 한다,2
175,비트코인의 반감기 주기는 3년이다,2
176,비트코인의 반감기 주기는 4년이다,1
177,비트코인의 반감기 주기는 4년이 아니다.,2
178,비트코인은 X11 알고리즘을 사용한다,2
179,비트코인은 Ethash 알고리즘을 사용한다,2
180,비트코인의 작업 증명 방식은 POW (Proof-of-Work)다,1
181,비트코인은 반감기마다  50%씩 공급이 줄어든다,1
182,비트코인은 반감기마다  51%씩 공급이 줄어든다,2
183,"2010년 5월 22일 (피자데이)  피자 2판과 교환된 비트코인의 양은  1,000 BTC 이다",2
184,2010년 5월 22일 (피자데이)  피자 2판과 교환된 비트코인의 양은  100 BTC 이다,2
185,2008년 8월 18일   bitcoin.org 가 등록되었다,1
186,2007년 7월 17일   bitcoin.org 가 등록되었다,2
187,이오스 (EOS)의 작업 증명은 POS (Proof of Stake) 방식이다,2
188,이오스 (EOS)의 작업 증명은 POW (Proof of Work) 방식이다,2
189,"이오스 (EOS) 헌법  제192조 29항은 ""구성원들은 다른 구성원에게 폭력 또는 폭력적인 협박을 가해선 아니 된다."" 이다",2
190,이오스 (EOS)의 ICO 시작일은 2017년 6월 26일 이다,1
191,이오스 (EOS)의 ICO 시작일은 2017년 5월 이다,2
192,이오스 (EOS)의 ICO 시작일은 2017년 6월 이다,1
193,공개된 나카모토 사토시의 이메일 주소는 satoshixoxo@gmx.com 이다,2
194,스팀의 노동지분 (Sweat Equity)은 채굴행위만 을 의미한다,2
195,스팀의 자산 중에 스팀파워에서 스팀으로 전환은 13주에 걸쳐 균등하게 반환된다,1
196,"스팀의 Steem,SBD (Steem Dollars) 는 유동성 화폐이므로 거래소에서 사거나 팔 수 있다",1
197,리플의 기호는 XRP 이다,1
198,리플의 기호는 RPX 이다,2
199,리플(XRP)은 POW (Proof of Work) 증명 방식을 사용한다,2
200,"리플(XRP) 네트워크 에서 유효성검사자는 자발적으로 될 수 있으며, 직접적인 보상도 주어진다",2
201,리플(XRP)은 설립자(Founder)에게 총 500억개의 XRP 가 책정 되었다,2
202,리플(XRP)은 설립자(Founder)에게 총 100억개의 XRP 가 책정 되었다,2
203,리플(XRP)개발사인 리플연구소(Ripple Labs)의 원래 이름은 오플코인(Oplecoin) 이었다,2
204,비트코인 캐시는 X11 해시 알고리즘을 사용한다,2
205,사토시 나카모토는 첫 채굴을 통해 5BTC를 얻었다.,2
206,사토시 나카모토는 첫 채굴을 통해 500BTC를 얻었다.,2
207,비트코인의 채굴은 채굴만을 위해 개발된 전용 채굴기가 사용된다,1
208,비트코인의 송금 수수료는 채굴자에게 주는 수수료 이다,1
209,비트코인의 환전 수수료는 채굴자에게 주는 수수료 이다,2
210,비트코인의 거래 수수료는 거래소에게 주는 수수료 이다,1
211,비트코인의 거래 수수료는 채굴자에게 주는 수수료 이다,2
212,비트코인의 Segwit 업데이트 에는 전용 채굴기 ASIC 머신의 채굴 효율성을 떨어뜨리는 코드가 있다,1
213,"2011년 4월 16일, 타임에서 비트코인에 대해 보도하였다",1
214,일본은 비트코인 구매 시 소비세(부가가치세)를 내야 한다,2
215,일본은 비트코인 구매 시 소비세(부가가치세)를 걷지 않는다,1
216,"미국은 거래, 채굴 등으로 인한 소득에 대해 과세를 하고 있다",1
217,"대시(DASH)의 최대 발행량은 18,900,000 DASH 이다",1
218,"대시(DASH)의 최대 발행량은 189,000,000 DASH 이다",2
219,"대시(DASH)의 최대 발행량은 1,890,000 DASH 이다",2
220,대시(DASH)는  X11 해시 알고리즘을 사용한다,1
221,대시(DASH)는  비트코인과 동일한 SHA-256 해시 알고리즘을 사용한다,2
222,대시(DASH)는  이더리움(ETH)과 동일한 Ethash 해시 알고리즘을 사용한다,2
223,대시(DASH)는  비트코인과 동일한 SHA-256 해시 알고리즘을 사용하지 않는다,1
224,대시(DASH)는 비트코인 보다 익명성이 뛰어나다,1
225,대시(DASH)는 마스터노드 네트워크 기술을 사용한다,1
226,"대시(DASH)의 마스터노드를 운영하기 위해서는, 1,000 DASH 를 보관해야한다",1
227,"대시(DASH)의 마스터노드를 운영하기 위해서는, 100 DASH 를 보관해야한다",2
228,"대시(DASH)의 마스터노드를 운영하기 위해서는, 10,000 DASH 를 보관해야한다",2
229,대시(DASH)는 PoS (Proof of Stake) 증명 방식을 사용한다,2
230,대시(DASH)는 PoS (Proof of Stake) 증명 방식을 사용하지 않는다,1
231,대시(DASH)의 마스터노드는 PoS (Proof of Stake) 증명 방식과 동일하다 ,2
232,대시(DASH)의 마스터노드는 PoS (Proof of Stake) 증명 방식과 다른 기술 이다,1
233,대시(DASH)의 마스터노느는 부가적인 서비스들을 제공할 수 없다 ,2
234,대시(DASH)의 마스터노느는 부가적인 서비스들을 제공할 수 있다 ,1
235,대시(DASH)의 마스터노느는 사용자에게 익명화 서비스를 제공할 수 있다,1
236,대시(DASH)의 마스터노느는 사용자에게 중앙화 서비스를 제공할 수 있다,2
237,대시(DASH)의 원래 이름은 다크코인(DarkCoin) 이었다,1
238,대시(DASH)의 원래 이름은 마이너코인(MinerCoin) 이었다,2
239,대시(DASH)의 원래 이름은 딥코인(DeepCoin) 이었다,2
240,대시(DASH)라는 이름은 Digital + Cash 의 합성어이다,1
241,대시(DASH)라는 이름은 Decentralized + Cash 의 합성어이다,2
242,카르다노 에이다(ADA)의 최대 발행량은 450억 개이다,1
243,카르다노 에이다(ADA)의 최대 발행량은 45억 개이다,2
244,카르다노 에이다(ADA)의 최대 발행량은 제한이 없다,2
245,카르다노 에이다(ADA)의 최초 발행일은 2017년 10월 1일 이다,1
246,카르다노 에이다(ADA)의 최초 발행일은 2016년 10월 1일 이다,2
247,카르다노 에이다(ADA)의 최초 발행일은 2015년 10월 1일 이다,2
248,카르다노 에이다(ADA)의 증명 알고리즘 이름은 우로보로스 (Ouroboros) 이다,1
249,카르다노 에이다(ADA)의 증명 알고리즘 이름은 모로스 (Moros) 이다,2
250,카르다노 에이다(ADA)의 증명 알고리즘 이름은 모이라이 (Moerae) 이다,2
251,에이다(ADA)는 카르다노 (Cardano) 플랫폼 에서 사용되는 코인 이름이다,1
252,에이다(ADA) 코인의 플랫폼 이름은 카르다노 (Cardano) 이다,1
253,에이다(ADA)는 카르다노 (Cardano)코인과 동일한 가치를 지닌다,2
254,카르다노 에이다(ADA)은 그래핀 (Graphene) 기반으로 구축되었다,2
255,에이다(ADA) 는 하스켈(Haskell) 언어를 이용하여 개발되고 있다,1
256,"에이다(ADA) 는 C++ ,Go 언어를 이용하여 개발되고 있다",2
257,카르다노 에이다(ADA)의 대표자는 전 이더리움 CEO 였던 찰스 호스킨슨(Charles Hoskinson 이다,1
258,카르다노 에이다(ADA)의 대표자는 찰리 리 (Charlie Lee) 이다,2
259,카르다노 에이다(ADA)의 대표자는 로저 버 (Roger Ver) 이다,2
260,카르다노 에이다(ADA)의 개발 단계는 바이런 - 셸리 - 고갱 - 바쇼 - 볼테르 순서 이다,1
261,카르다노 에이다(ADA)의 개발 단계는  프론티어 - 홈스테드 - 메트로폴리스 - 세레네티 순서 이다,2
262,스마트 컨트랙트는 1994년 닉 스자보 (Nick Szabo)가 처음 제안했다,1
263,스마트 컨트랙트는 2014년 비탈리 부테린(Vitalik Buterin)이 처음 제안했다,2
264,스마트 컨트랙트는 2009년 사토시 나카모토 가 처음 제안했다,2
265,오로라코인(Auroracoin-AUR)은 2018년 와이스 레이팅스가 선정한 투자부적격 암호화폐 이다,1
266,코멧코인(Comet-CMT)는 2018년 와이스 레이팅스가 선정한 투자부적격 암호화폐 이다,1
267,일렉트로니움(Electroneum-ETN)은 2018년 와이스 레이팅스가 선정한 투자부적격 암호화폐 이다,1
268,익스펜스(Expanse-EXP)는 2018년 와이스 레이팅스가 선정한 투자부적격 암호화폐 이다,1
269,굴든코인(Gulden-NLG)은 2018년 와이스 레이팅스가 선정한 투자부적격 암호화폐 이다,1
270,매치풀(Matchpool-GUP)은 2018년 와이스 레이팅스가 선정한 투자부적격 암호화폐 이다,1
271,메가코인(Megacoin-MEC)은 2018년 와이스 레이팅스가 선정한 투자부적격 암호화폐 이다,1
272,노바코인(Novacoin-NVC)은 2018년 와이스 레이팅스가 선정한 투자부적격 암호화폐 이다,1
273,팟코인(Potcoin-POT)은 2018년 와이스 레이팅스가 선정한 투자부적격 암호화폐 이다,1
274,라이즈(Rise-RISE)는 2018년 와이스 레이팅스가 선정한 투자부적격 암호화폐 이다,1
275,쿼크(Quark-QRK)은 2018년 와이스 레이팅스가 선정한 투자부적격 암호화폐 이다,1
276,살루스(Salus-SLS)는 2018년 와이스 레이팅스가 선정한 투자부적격 암호화폐 이다,1
277,네오(NEO)는 일명 중국판 이더리움이라고 불리기도 한다 ,1
278,"네오(NEO)의 최대 발행량은 100,000,000 NEO 이다",1
279,"네오(NEO)의 최대 발행량은 10,000,000 NEO 이다",2
280,"네오(NEO)의 최대 발행량은 1,000,000 NEO 이다",2
281,네오(NEO)의 최대 발행량은 1억 개 이다,1
282,네오(NEO) 이더리움과 동일하게 GAS 수수료가 필요 하다,1
283,네오(NEO) 이더리움과 동일하게 GAS 수수료가 필요 없다,2
284,네오(NEO)의 원래 이름은 앤트쉐어(AntShare) 이었다,1
285,네오(NEO)의 원래 이름은 앤트코인(AntCoin) 이었다,2
286,네오(NEO)는 dBFT (Delegated Byzantine Fault Tolerance) 증명 방식을 사용한다,1
287,네오(NEO)는 PoS (Proof of Stake) 증명 방식을 사용한다,2
288,네오(NEO)는 PoW (Proof of Work) 증명 방식을 사용한다,2
289,네오(NEO) 네트워크 유지하는 역활을  북키퍼(Bookkeper) 라고 한다,1
290,네오(NEO) 네트워크 유지하는 역활을  증인(Witness) 라고 한다,2
291,비트커넥트(BitConnect-BCC)는 미국 정부가 폰지 사기로 규정 했다,1
292,비트커넥트(BitConnect-BCC)는 일본과 영국정부는 폰지 사기로 규정 하지 않았다 ,2
293,비트커넥트(BitConnect-BCC)는 자체개발한 알고리즘 기술을 이용해서 꾸준한 수익을 냈다,2
294,비트커넥트(BitConnect-BCC)는 2016년 2월 ~ 2018년 초반 까지 암호화폐 순위 상위권을 랭크 했다,1
295,"비트커넥트(BitConnect-BCC)는 연간 3,000% 이상 수익 배당이 가능하다고 주장했다",1
296,비트커넥트(BitConnect-BCC)는 적은 위험으로 높은 수익을 보장한다고 약속 했다,1
297,비트커넥트(BitConnect-BCC)는 시장 상황과 관계없이 일정한 수익 배당을 약속 했다,1
298,비트커넥트(BitConnect-BCC) 설립자는 비트커넥트엑스(BitConnectx)를 출시 했다,1
299,비트커넥트(BitConnect-BCC) 설립자는 징역 5년을 선고 받았다,2
300,비트커넥트(BitConnect-BCC) 설립자는 비트커넥트엑스(BitConnectx) ICO를 진행 중이다,1
301,"스텔라루멘(XLM)의 최대 발행량은 1,000억 XLM 이다",1
302,스텔라루멘(XLM)의 최대 발행량은 100억 XLM 이다,2
303,스텔라루멘(XLM)의 최대 발행량은 10억 XLM 이다,2
304,스텔라루멘의 기호는 XLM 이다,1
305,스텔라루멘의 기호는 STL 이다,2
306,스텔라루멘(XLM)의 주요 개발자는 리플(XRP)의 주요개발자와 동일 인물이다,1
307,스텔라루멘(XLM)는 이더리움(ETH) 포크 로 만들어 졌다,2
308,스텔라루멘(XLM)은 PoW (Proof of Work) 증명 방식을 사용한다,2
309,스텔라루멘(XLM)의 주요 개발자는 제드 맥칼렙(Jed Mccaleb) 이다,1
310,스텔라루멘(XLM)의 주요 개발자는 찰스 호스킨슨(Charles Hoskinson 이다,2
311,스텔라루멘(XLM)은 PoS (Proof of Stake) 증명 방식을 사용한다,2
312,스텔라루멘(XLM)은 스텔라 합의 매커니즘 SCP를 사용한다,1
313,스텔라루멘(XLM)의 주체인 스텔라개발재단은 비영리 단체 이다,1
314,스텔라루멘(XLM)는 리플(XRP)처럼 수수료를 소멸 시킨다,2
315,스텔라루멘(XLM)은 운영기관이 5%를 보유하고 나머지는 시장에 분배된다,1
316,스텔라루멘(XLM)은 운영기관이 20%를 보유하고 나머지는 시장에 분배된다,2
317,"라이트코인(LTC)의 최대 발행량은 840,000,000 LTC 이다",2
318,"라이트코인(LTC)의 최대 발행량은 84,000,000 LTC 이다",1
319,"라이트코인(LTC)의 최대 발행량은 8,400,000 LTC 이다",2
320,라이트코인(LTC)은 POS (Proof of Stake) 증명 방식을 사용한다,2
321,라이트코인(LTC)은 POW (Proof of Work) 증명 방식을 사용한다,1
322,라이트코인(LTC)은 POL (Proof of Lite) 증명 방식을 사용한다,2
323,라이트코인(LTC)은 찰리 리(Charlie Lee) 가 처음 공개 했다,1
324,라이트코인(LTC)은 우지한 (Jihan Wu) 이 처음 공개 했다,2
325,라이트코인(LTC)은  로저 버 (Roger Ver) 가 처음 공개 했다,2
326,라이트코인(LTC)는 비트코인과 마찬가지로 블록 생성 주기는 10분 이다,2
327,라이트코인(LTC)의 블록 생성 주기는 2분30초 이다,1
328,라이트코인(LTC)는 SHA-256 알고리즘을 사용한다,2
329,라이트코인(LTC)는  Scrypt 알고리즘을 사용한다,1
330,라이트코인(LTC) 반감기의 주기는 4년이다,1
331,라이트코인(LTC) 반감기의 주기는 3년이다,2
332,라이트코인(LTC) 반감기의 주기는 2년이다,2
333,라이트코인(LTC) 반감기마다  50%씩 블록 보상이 줄어든다,1
334,라이트코인(LTC)은 반감기마다  25%씩 블록 보상이 줄어든다,2
335,넴(XEM)의 총 발행량은 약 90억 XEM  이다,1
336,넴(XEM)의 총 발행량은 약 9억 XEM  이다,2
337,넴(XEM)의 총 발행량은 약 900억 XEM  이다,2
338,넴(XEM)은 POS (Proof of Stake) 증명 방식을 사용한다,2
339,넴(XEM)은 POW (Proof of Work) 증명 방식을 사용한다,2
340,넴(XEM)은 POI (Proof of Importance) 합의  방식을 사용한다,1
341,넴(XEM)의 블록 생성 주기는 1분 이다,1
342,넴(XEM)의 블록 생성 주기는 5분 이다,2
343,넴(XEM)의 블록 생성 주기는 10분 이다,2
344,넴(XEM)은 NxT 포크로 시작된 프로젝트 이다,2
345,넴(XEM)은 이더리움(ETH) 포크로 시작된 프로젝트 이다,2
346,넴(XEM)은 비트코인(BTC) 포크로 시작된 프로젝트 이다,2
347,넴(XEM)은 뉴이코노미 무브먼트 (NewEconomyMovement)의 약자 이다,1
348,넴(XEM)에서 블록을 발행하고 수수료를 얻는 행위를 하베스팅 (Harvesting) 이라 한다,1
349,넴(XEM)에서 블록을 발행하고 수수료를 얻는 행위를 채굴 (Mining) 이라 한다,2
350,2018년 2월26일 일본 대형 거래소 코인체크(Coincheck)에서 해킹된 넴(XEM)은  5억개에 달한다,1
351,2018년 2월26일 일본 대형 거래소 코인체크(Coincheck)에서 해킹된 넴(XEM)의 50억개에 달한다,2
352,아이오타(MIOTA)의 최대 발행량은 27억 여개 이다,1
353,아이오타(MIOTA)의 최대 발행량은 270억 여개 이다,2
354,"아이오타(MIOTA)의 최대 발행량은 2,779,530,283 MIOTA 이다",1
355,"아이오타(MIOTA)의 최대 발행량은 279,530,283 MIOTA 이다",2
356,아이오타(MIOTA)의 런칭 일자는 2015년 10월 이다,1
357,아이오타(MIOTA)의 런칭 일자는 2015년 10월 21일 이다,1
358,아이오타(MIOTA)의 런칭 일자는 2016년 10월 이다,2
359,아이오타(MIOTA)의 런칭 일자는 2015년 2월 이다,2
360,아이오타(MIOTA)는 IOT(사물인터넷)에 최적화된 코인 이다,1
361,아이오타(MIOTA)의 본사는 미국 미네소타 주에 위치 한다,2
362,아이오타(MIOTA)의 거래 수수료는 0.002% 이다,2
363,아이오타(MIOTA)의 주 특징은 탱글(tangle)을 사용한다는 것이다,1
364,아이오타(MIOTA)의 주 특징은 땡글(Ddangle)을 사용한다는 것이다,2
365,아이오타(MIOTA)는 M2M(머신과머신) 거래에 최적화된 코인 이다,1
366,아이오타(MIOTA)의 주 특징은 수수료가 없다는 것이다 ,1
367,아이오타(MIOTA)는 POS (Proof of Stake) 증명 방식을 사용한다,2
368,아이오타(MIOTA)는 POW (Proof of Work) 증명 방식을 사용한다,2
369,아이오타(MIOTA)는 DPOS (Delegated Proof of Stake) 증명 방식을 사용한다,2
370,트론(TRX)의 최대 발행량은 990억 TRX 이다,1
371,트론(TRX)의 최대 발행량은 99억 TRX 이다,2
372,트론(TRX)의 최대 발행량은 9억 TRX 이다,2
373,IBC (inter blockchain communication)는 블록체인 간 통신 프로토콜의 줄임말 이다,1
374,이종체인 (Heterogenous chains)은 서로 다른 레이어를 가진다,1
375,IBC (inter blockchain communication)는 체인 간의 가치 교환을 가능하게 만든다,1
376,IBC (inter blockchain communication)는 체인 간의 코인 교환을 가능하게 만든다,1
377,IBC (inter blockchain communication)는 퍼블릭 블록체인과 프라이빗 블록체인의 코인 교환이 가능하다,1
378,IBC (inter blockchain communication)는 퍼블릭 블록체인과 프라이빗 블록체인의 코인 교환은 불가능하다,2
379,비잔티움 장애 허용(Byzantine Fault Tolerance) 의 대표적인 활용사례는 비트코인(BTC) 이다,1
380,비잔티움 장군 문제(Byzantine Generals Problem) 논문 초안은  알바니아 장군 문제 였다,1
381,비잔티움 장군 문제(Byzantine Generals Problem) 논문 초안은  알제니 장군 문제 였다,2
382,비잔티움 장군 문제(Byzantine Generals Problem) 논문 초안은  아제르바이잔 장군 문제 였다,2
383,비잔티움 장군 문제(Byzantine Generals Problem) 논문 초안은  이순신 장군 문제 였다,2
384,비잔티움 장군 문제(Byzantine Generals Problem) 논문 초안은  트로이 장군 문제 였다,2
385,비트쉐어(BTS)는 DPoS(Delegated Proof of Stake)의 연구와 채택에 상당한 기여를 했다,1
386,비트쉐어(BTS)는 PoW(Proof of Work)의 연구와 채택에 상당한 기여를 했다,2
387,스텔라루멘(XLM) 연합형 비잔틴 합의(Federated Byzantine Agreement) 모델을 개선했다,1
388,비트코인캐시(BCH)는 연합형 비잔틴 합의(Federated Byzantine Agreement) 모델을 개선했다,2
389,이더리움(ETH) 용으로 제안된 PoS(Proof of Stake)합의 알고리즘 이름은 캐스퍼 (Casper) 이다,1
390,이더리움(ETH) 용으로 제안된 PoS(Proof of Stake)합의 알고리즘 이름은 그래핀 (Graphene) 이다,2
391,이더리움(ETH) 용으로 제안된 PoS(Proof of Stake)합의 알고리즘 이름은  개스퍼 (Gasper) 이다,2
392,이더리움(ETH) 용으로 제안된 PoS(Proof of Stake)합의 알고리즘 이름은 해스퍼 (Hasper) 이다,2
393,이더리움(ETH) 용으로 제안된 PoS(Proof of Stake)합의 알고리즘 이름은 비탈릭 (Vitalik) 이다,2
394,이더리움(ETH) 최대 발행량은 정해지지 않았다,1
395,이더리움(ETH) 최대 발행량은 2억 ETH 이다,2
396,"이더리움(ETH) 최대 발행량은 282,209,000 ETH 이다",2
397,이더리움(ETH) 플랫폼은 2015년 7월 30일에 시작 되었다,1
398,이더리움(ETH) 플랫폼은 2016년 7월 30일에 시작 되었다,2
399,이더리움(ETH) 플랫폼은 2014년 7월 30일에 시작 되었다,2
400,이더리움(ETH)는 DoS 공격으로 인한 네트워크 문제를 해결하기 위해 gas 가격을 올렸다,1
401,이더리움(ETH)는 DoS 공격으로 인한 네트워크 문제를 해결하기 위해 gas 가격을 내렸다,2
402,이더리움(ETH)는 DoS 공격으로 인한 네트워크 문제를 해결하기 위해 gas 사용을 금지했다,2
403,이더리움(ETH)는 2018년 8월 기준  POS (Proof of Stake) 증명 방식을 사용한다,2
404,이더리움(ETH)는 2018년 8월 기준  POW (Proof of Work) 증명 방식을 사용한다,1
405,이더리움(ETH)는 2018년 8월 기준  POE (Proof of Ether) 증명 방식을 사용한다,2
406,이더리움(ETH)는 2018년 8월 기준  POS (Proof of Stake) 증명 방식을 도입했다,2
407,사이드체인 (Sidechains) 은 비트코인 네트워크를 확장하고자 하는 시도 이다,1
408,사이드체인 (Sidechains) 은 비트코인 네트워크를 보안을 강화하고자 하는 시도 이다,2
409,라이트닝 네트워크(Lighting Network)는 비트코인 블록체인의 상위 계층에서 운용되도록 제안된 네트워크 이다,1
410,라이트닝 네트워크(Lighting Network)는 라이트코인 블록체인의 상위 계층에서 운용되도록 제안된 네트워크 이다,2
411,라이트닝 네트워크(Lighting Network)는 블록체인간 토큰(token)을 비대칭적으로 전송하는 것이 가능하다,2
412,라이트닝 네트워크(Lighting Network)는 블록체인간 토큰(token)을 비대칭적으로 전송하는 것이 불가능하다,1
413,세그위트(Segregated Witness)는 비트코인의 블록 당 이체처리량을 2~3배 가량 증가시키는 것이 목표 이다,1
414,세그위트(Segregated Witness)는 비트코인의 블록 당 이체처리량을 20~30배 가량 증가시키는 것이 목표 이다,2
415,세그위트(Segregated Witness)는 비트코인의 블록 당 이체처리량을 100배 가량 증가시키는 것이 목표 이다,2
416,세그위트(Segregated Witness) 기능은 비트코인 코어 지갑 버젼 0.13.1 에서 구현 되었다,1
417,세그위트(Segregated Witness) 기능은 비트코인 코어 지갑 버젼 0.13.2 에서 구현 되었다,2
418,세그위트(Segregated Witness) 기능은 비트코인 코어 지갑 버젼 0.15.1 에서 구현 되었다,2
419,"테조스(XTZ)의 최대 발행량은 763,306,930 XTZ 이다",1
420,"테조스(XTZ)의 최대 발행량은 76,330,690 XTZ 이다",2
421,"테조스(XTZ)의 최대 발행량은 7,633,069,300 XTZ 이다",2
422,테조스(XTZ)는 하스켈(Haskell) 언어를 이용하여 개발되고 있다,2
423,테조스(XTZ) 는 Ocaml 언어를 이용하여 개발되고 있다,1
424,테조스(XTZ) 는 C++ 언어를 이용하여 개발되고 있다,2
425,테조스(XTZ) 는  POS (Proof of Stake) 증명 방식을 사용한다,1
426,테조스(XTZ) 는  POW (Proof of Work) 증명 방식을 사용한다,2
427,테조스(XTZ) 는  POO (Proof of Ocaml) 증명 방식을 사용한다,2
428,지캐시 Zcach(ZEC) Zerocoin 프로젝트로부터 시작 되었다,1
429,지캐시 Zcach(ZEC) 영지식증명(Zero-knowledge proof) 으로 익명성을 구현한다,1
430,지캐시 Zcach(ZEC) 반감기 주기는 4년 이다,1
431,지캐시 Zcach(ZEC) 반감기 주기는 2년 이다,2
432,지캐시 Zcach(ZEC) 의 최초 발행일은 2016년 10월 이다,1
433,지캐시 Zcach(ZEC) 의 최초 발행일은 2016년 9월 이다,2
434,지캐시 Zcach(ZEC) 의 최초 발행일은 2015년 10월 이다,2
435,지캐시 Zcach(ZEC) 는 POW (Proof of Work) 증명 방식을 사용한다,1
436,지캐시 Zcach(ZEC) 는 POS (Proof of Stake) 증명 방식을 사용한다,2
437,지캐시 Zcach(ZEC) 의 핵심 키워드는 익명성 이다,1
438,지캐시 Zcach(ZEC)는 영지식증명(Zero-knowledge proof) 으로 확장성을 구현한다,2
439,지캐시 Zcach(ZEC)의 블록 최대 크기는 2MB 이다,1
440,지캐시 Zcach(ZEC)의 블록 최대 크기는 1MB 이다,2
441,지캐시 Zcach(ZEC)의 블록 최대 크기는 10MB 이다,2
442,지캐시 Zcach(ZEC) 의 Founder Reward 프로그램은 4년간 채굴된 zcash 의 10%가 Founder 에게 지급된다,1
443,지캐시 Zcach(ZEC) 의 Founder Reward 프로그램은 4년간 채굴된 zcash 의 20%가 Founder 에게 지급된다,2
444,지캐시 Zcach(ZEC) 의 Founder Reward 프로그램은 4년간 채굴된 zcash 의 15%가 Founder 에게 지급된다,2
445,지캐시 Zcach(ZEC) 의 주요 개발자는 Zooko Willcox 이다,1
446,지캐시 Zcach(ZEC) 의 주요 개발자는 Odeohu Willcox 이다,2
447,"오미세고(OMG) 의 최대 발행량은 140,245,398 OMG 이다",1
448,"오미세고(OMG) 의 최대 발행량은 1,402,453,980 OMG 이다",2
449,"오미세고(OMG) 의 최대 발행량은 14,245,398 OMG 이다",2
450,오미세고(OMG)는 이더리움(ETH) 기반의 암호화폐 이다,1
451,오미세고(OMG)는 비트코인(BTC) 기반의 암호화폐 이다,2
452,오미세고(OMG)는 EOS 기반의 암호화폐 이다,2
453,오미세고(OMG)는 POS (Proof of Stake) 증명 방식을 사용한다,1
454,오미세고(OMG)는 POW (Proof of Work) 증명 방식을 사용한다,2
455,오미세고(OMG)는 DPOS (Delegated Proof of Stake) 증명 방식을 사용한다,2
456,아이콘(ICX)는 한국판 이더리움(ETH)으로 불리는 코인이다,1
457,아이콘(ICX)는 한국판 비트코인(BTC)으로 불리는 코인이다,2
458,아이콘(ICX)는 한국판 이오스(EOS)으로 불리는 코인이다,2
459,"아이콘(ICX)의 최대 발행량은 800,460,000 ICX 이다",1
460,"아이콘(ICX)의 최대 발행량은 420,230,000 ICX 이다",2
461,"아이콘(ICX)의 최대 발행량은 4,230,000 ICX 이다",2
462,아이콘(ICX)는  더루프(Theloop)라는 한국 회사가 개발한 프로젝트 이다,1
463,아이콘(ICX)는  디루프(D-loop)라는 한국 회사가 개발한 프로젝트 이다,2
464,아이콘(ICX)는  해시드(HASHED)라는 한국 회사가 개발한 프로젝트 이다,2
465,아이콘(ICX)는 LFT (Loop Fault Tolerance) 증명 방식을 사용한다,1
466,아이콘(ICX)는 POS (Proof of Stake) 증명 방식을 사용한다,2
467,아이콘(ICX)는 POW (Proof of Work) 증명 방식을 사용한다,2
468,아이콘(ICX)의 최초발행일은 2017년 11월 이다,1
469,아이콘(ICX)의 최초발행일은 2016년 11월 이다,2
470,아이콘(ICX)의 최초발행일은 2017년 09월 이다,2
471,웨이브(WAVES)의 최초 발행일은 2016년 6월 이다,1
472,웨이브(WAVES)의 최초 발행일은 2015년 6월 이다,2
473,웨이브(WAVES)의 최초 발행일은 2017년 6월 이다,2
474,웨이브(WAVES)의 총 발행량은 100만 WAVES 이다,2
475,웨이브(WAVES)의 총 발행량은 1000만 WAVES 이다,2
476,웨이브(WAVES)의 총 발행량은 100백만 WAVES 이다,1
477,"웨이브(WAVES)의 총 발행량은 100,000,000 WAVES 이다",1
478,"웨이브(WAVES)의 총 발행량은 1,000,000,000 WAVES 이다",2
479,웨이브(WAVES)는 POW (Proof of WAVES) 증명 방식을 사용한다,2
480,웨이브(WAVES)는 POS (Proof of Stake) 증명 방식을 사용한다,1
481,웨이브(WAVES)는 POW (Proof of Work) 증명 방식을 사용한다,2
482,웨이브(WAVES)는 DPOS (Delegated Proof of Stake) 증명 방식을 사용한다,2
483,"웨이브(WAVES)의 풀노드(full node)는 10,000 WAVES를 보유해야 한다",1
484,"웨이브(WAVES)의 풀노드(full node)는 1,000 WAVES를 보유해야 한다",2
485,"웨이브(WAVES)의 풀노드(full node)는 100,000 WAVES를 보유해야 한다",2
486,빗쉐어즈(BTS)의 최초 발행일은 2014년 7월 이다,1
487,빗쉐어즈(BTS)의 최초 발행일은 2015년 7월 이다,2
488,빗쉐어즈(BTS)의 최초 발행일은 2015년 6월 이다,2
489,빗쉐어즈(BTS)의 최초 발행일은 2014년 이다,1
490,"빗쉐어즈(BTS)의 총 발행량은 3,600,570,502 BTS 이다",1
491,빗쉐어즈(BTS)의 총 발행량은 36억 BTS 이다,1
492,"빗쉐어즈(BTS)의 총 발행량은 360,570,502 BTS 이다",2
493,"빗쉐어즈(BTS)의 총 발행량은 36,570,502 BTS 이다",2
494,"빗쉐어즈(BTS)의 총 발행량은 30,600,570,502 BTS 이다",2
495,빗쉐어즈(BTS)는 POW (Proof of Work) 증명 방식을 사용한다,2
496,빗쉐어즈(BTS)는 POS (Proof of Stake) 증명 방식을 사용한다,2
497,빗쉐어즈(BTS)는 DPOS (Delegated Proof of Stake) 증명 방식을 사용한다,1
498,빗쉐어즈(BTS)는 POD (Proof of Dan ) 증명 방식을 사용한다,2
499,빗쉐어즈(BTS)는 최초의 블록체인 기반의 탈중앙화 거래 플랫폼 이다,1
500,빗쉐어즈(BTS)는 최초의 블록체인 기반의 분권화 거래 플랫폼 이다,1
501,빗쉐어즈(BTS)는 이더리움(ETH)기반의 분권화 거래 플랫폼 이다,2
502,빗쉐어즈(BTS)는 비트코인(BTC)기반의 분권화 거래 플랫폼 이다,2
503,빗쉐어즈(BTS)의 블록 생성주기는 평균 3초 이다,1
504,빗쉐어즈(BTS)의 블록 생성주기는 평균 10초 이다,2
505,빗쉐어즈(BTS)의 블록 생성주기는 평균 1분 이다,2
506,빗쉐어즈(BTS)의 블록 생성주기는 평균 30초 이다,2
507,베이직어텐션토큰(BAT)의 최초 발행일은 2017년 5월 이다,1
508,베이직어텐션토큰(BAT)의 최초 발행일은 2016년 5월 이다,2
509,베이직어텐션토큰(BAT)의 최초 발행일은 2017년 2월 이다,2
510,"베이직어텐션토큰(BAT)의 총 발행량은 1,500,000,000 BAT 이다",1
511,베이직어텐션토큰(BAT)의 총 발행량은 15억 BAT 이다,1
512,"베이직어텐션토큰(BAT)의 총 발행량은 1,500 백만 BAT 이다",1
513,"베이직어텐션토큰(BAT)의 총 발행량은 15,000,000,000 BAT 이다",2
514,"베이직어텐션토큰(BAT)의 총 발행량은 15,000,000 BAT 이다",2
515,"리스크(LSK)의 총 발행량은 124,240,364 LSK 이다",1
516,"리스크(LSK)의 총 발행량은 12,240,364 LSK 이다",2
517,"리스크(LSK)의 총 발행량은 1,240,364 LSK 이다",2
518,리스크(LSK)의 총 발행량은 1억2천 LSK 이다,1
519,"리스크(LSK)의 총 발행량은 1,240,240,364 LSK 이다",2
520,리스크(LSK)는 POW (Proof of Work) 증명 방식을 사용한다,2
521,리스크(LSK)는 POS (Proof of Stake) 증명 방식을 사용한다,2
522,리스크(LSK)는 DPOS (Delegated Proof of Stake) 증명 방식을 사용한다,1
523,리스크(LSK)는 POL (Proof of Lisk) 증명 방식을 사용한다,2
524,리스크(LSK)의 블록을 발행할 권리가 있는 상위 101명은 투표로 선출 된다,1
525,리스크(LSK)의 블록을 발행할 권리가 있는 상위 30명은 투표로 선출 된다,2
526,리스크(LSK)의 블록을 발행할 권리가 있는 상위 100명은 투표로 선출 된다,2
527,리스크(LSK)는 영어 단어 Obelisk에서 파생된 이름 이다,1
528,리스크(LSK)는 영어 단어 Risk에서 파생된 이름 이다,2
529,리스크(LSK)는 영어 단어 히드라리스크(Hydralisk)에서 파생된 이름 이다,2
530,리스크(LSK)는 영어 단어 울트라리스크(Ultralisk)에서 파생된 이름 이다,2
531,리스크(LSK)는 영어 단어 뮤탈리스크(Mutalisk)에서 파생된 이름 이다,2
532,시아(SIA)는 POW (Proof of Work) 증명 방식을 사용한다,1
533,시아(SIA)는 POS (Proof of Stake) 증명 방식을 사용한다,2
534,시아(SIA)는 DPOS (Delegated Proof of Stake) 증명 방식을 사용한다,2
535,시아(SIA)는 POS (Proof of Sia) 증명 방식을 사용한다,2
536,"시아(SIA)는 웹하드, 구글 드라이브 같은  스토리지, 클라우드 서비스 이다",1
537,시아(SIA)는 해시드(HASHED)라는 한국 회사가 개발한 프로젝트 이다,2
538,시아(SIA)는 Ocaml 언어를 이용하여 개발되고 있다,2
539,시아(SIA)의 블록 생성 주기는 10분 이다,1
540,시아(SIA)의 블록 생성 주기는 600초 이다,1
541,시아(SIA)의 블록 생성 주기는 5분 이다,2
542,시아(SIA)의 블록 생성 주기는 2분 이다,2
543,시아(SIA)의 블록 생성 주기는 10초 이다,2
544,시아(SIA)의 최초 발행일은 2015년 6월 이다,1
545,시아(SIA)의 최초 발행일은 2015년 이다,1
546,시아(SIA)의 최초 발행일은 2016년 6월 이다,2
547,시아(SIA)의 최초 발행일은 2016년 이다,2
548,해쉬(Hash)는 임의의 크기를 가진 데이터를 고정된 데이터의 크기로 변환시키는 것을 말한다,1
549,해쉬(Hash)는 고정된 크기를 가진 데이터를 임의의 데이터의 크기로 변환시키는 것을 말한다,2
550,시아(SIA)는 Blake(2b) 해시 알고리즘을 사용한다,1
551,시아(SIA)는 연합형 비잔틴 합의(Federated Byzantine Agreement) 모델을 개선했다,2
552,시아(SIA)는  X11 해시 알고리즘을 사용한다,2
553,시아(SIA)는  비트코인과 동일한 SHA-256 해시 알고리즘을 사용한다,2
554,시아(SIA)는  이더리움(ETH)과 동일한 Ethash 해시 알고리즘을 사용한다,2
555,버지 Verge (XVG) 의 최초 발행일은 2014년 10월 이다,1
556,버지 Verge (XVG) 의 최초 발행일은 2014년 10월 9일 이다,1
557,버지 Verge (XVG) 의 최초 발행일은 2015년 10월 이다,2
558,버지 Verge (XVG) 의 최초 발행일은 2016년 이다,2
559,버지 Verge (XVG) 의 블록 생성 주기는 평균 30초 이다,1
560,버지 Verge (XVG) 의 블록 생성 주기는 평균 300초 이다,2
561,버지 Verge (XVG) 의 블록 생성 주기는 평균 5분 이다,2
562,버지 Verge (XVG) 의 블록 생성 주기는 평균 2분 이다,2
563,버지 Verge (XVG)의 총 발행량은 165억 XVG 이다,1
564,"버지 Verge (XVG)의 총 발행량은 16,500,000,000 XVG 이다",1
565,버지 Verge (XVG)의 총 발행량은 16억 XVG 이다,2
566,"버지 Verge (XVG)의 총 발행량은 1,650,000,000 XVG 이다",2
567,버지 Verge (XVG)는 POW (Proof of Work) 증명 방식을 사용한다,1
568,버지 Verge (XVG)는 POS (Proof of Stake) 증명 방식을 사용한다,2
569,버지 Verge (XVG)는 DPOS (Delegated Proof of Stake) 증명 방식을 사용한다,2
570,시아(SIA) 버지 Verge (XVG) 는 동일한 개발자가 되었다,2
571,"바이트코인 Bytecoin(BCN) 총 발행량은 184,470,000,000 BCN 이다",1
572,"바이트코인 Bytecoin(BCN) 총 발행량은 1,800 억  BCN 이다",1
573,"바이트코인 Bytecoin(BCN) 총 발행량은 18,470,000,000 BCN 이다",2
574,바이트코인 Bytecoin(BCN) 총 발행량은 180 억  BCN 이다,2
575,"바이트코인 Bytecoin(BCN) 총 발행량은 1,844,470,000,000 BCN 이다",2
576,바이트코인 Bytecoin(BCN) 의 블록 생성 주기는 평균 2분 이다,1
577,바이트코인 Bytecoin(BCN) 의 블록 생성 주기는 평균 120초 이다,1
578,바이트코인 Bytecoin(BCN) 의 블록 생성 주기는 평균 5분 이다,2
579,바이트코인 Bytecoin(BCN) 의 블록 생성 주기는 평균 30초 이다,2
580,바이트코인 Bytecoin(BCN) 의 최초 발행일은 2012년 07월 이다,1
581,바이트코인 Bytecoin(BCN) 의 최초 발행일은 2012년 이다,1
582,바이트코인 Bytecoin(BCN) 의 최초 발행일은 2014년 이다,2
583,바이트코인 Bytecoin(BCN) 의 최초 발행일은 2013년 이다,2
584,바이트코인 Bytecoin(BCN) 은  Cryptonight 알고리즘을 사용한다,1
585,바이트코인 Bytecoin(BCN) 은 비트코인과 동일한 SHA-256 해시 알고리즘을 사용한다,2
586,바이트코인 Bytecoin(BCN) 은 Blake(2b) 알고리즘을 사용한다,2
587,"퀀텀(QTUM)의 총 발행량은 100,814,124 QTUM 이다",1
588,퀀텀(QTUM)의 총 발행량은 1억  QTUM 이다,1
589,"퀀텀(QTUM) 총 발행량은 180,000,000 QTUM 이다",2
590,퀀텀(QTUM) 총 발행량은 10억  QTUM 이다,2
591,"퀀텀(QTUM) 총 발행량은 14,080,000,000 QTUM 이다",2
592,퀀텀(QTUM) 의 블록 생성 주기는 평균 2분 이다,1
593,퀀텀(QTUM) 의 블록 생성 주기는 평균 120초 이다,1
594,퀀텀(QTUM) 의 블록 생성 주기는 평균 5분 이다,2
595,퀀텀(QTUM) 의 블록 생성 주기는 평균 30초 이다,2
596,퀀텀(QTUM) 의 최초 발행일은 2016년 03월 이다,1
597,퀀텀(QTUM) 의 최초 발행일은 2016년 이다,1
598,퀀텀(QTUM) 의 최초 발행일은 2014년 이다,2
599,퀀텀(QTUM) 의 최초 발행일은 2015년 이다,2
600,퀀텀(QTUM) 의 설립자는 Patric Dai 이다,1
601,퀀텀(QTUM) 의 설립자 Patric Dai는 Bitpay 의 설립자 이다,1
602,퀀텀(QTUM) 은 설립자 Patric Dai는 이전에 Steven Dai 라는 이름으로 활동 했다,1
603,바이트코인 Bytecoin(BCN)은 POW (Proof of Work) 증명 방식을 사용한다,1
604,바이트코인 Bytecoin(BCN)은 POS (Proof of Stake) 증명 방식을 사용한다,2
605,바이트코인 Bytecoin(BCN)은 DPOS (Delegated Proof of Stake) 증명 방식을 사용한다,2
606,퀀텀(QTUM)은 POW (Proof of Work) 증명 방식을 사용한다,2
607,퀀텀(QTUM)은 POS (Proof of Stake) 증명 방식을 사용한다,1
608,퀀텀(QTUM)은 DPOS (Delegated Proof of Stake) 증명 방식을 사용한다,2
609,"제로엑스 0x(ZRX)의 총 발행량은 1,000,000,000 ZRX 이다",1
610,제로엑스 0x(ZRX)의 총 발행량은 10억  ZRX 이다,1
611,"제로엑스 0x(ZRX)의 총 발행량은 120,740,080 ZRX 이다",2
612,제로엑스 0x(ZRX)의 총 발행량은 1억 ZRX 이다,2
613,"제로엑스 0x(ZRX)의 총 발행량은  100,000,000 ZRX 이다",2
614,제로엑스 0x(ZRX)의 최초 발행일은 2017년 08월 이다,1
615,제로엑스 0x(ZRX)의 최초 발행일은 2017년 이다,1
616,제로엑스 0x(ZRX)의 최초 발행일은 2016년 이다,2
617,제로엑스 0x(ZRX)의 최초 발행일은 2016년 8월 이다,2
618,비트파이넥스 Bitfinex는 0x 프로토콜을 사용한 ETHfinex 거래소를 준비중이다,1
619,제로엑스 0x(ZRX)은 오프체인 (off-chain) 주문 릴레이 방식을 사용 한다,1
620,제로엑스 0x(ZRX)는 실제 채결되는 거래에 한해서만 블록체인에 기록 한다,1
621,"스테이터스네트워크토큰(SNT)의 총 발행량은 6,804,870,174 SNT 이다",1
622,스테이터스네트워크토큰(SNT)의 총 발행량은 68억 SNT 이다,1
623,"스테이터스네트워크토큰(SNT)의 총 발행량은 684,870,174 SNT 이다",2
624,스테이터스네트워크토큰(SNT)의 총 발행량은 6억 SNT 이다,2
625,스테이터스네트워크토큰(SNT)의 최초 발행일은 2017년 6월 이다,1
626,스테이터스네트워크토큰(SNT)의 최초 발행일은 2017년 이다,1
627,스테이터스네트워크토큰(SNT)의 최초 발행일은 2016년 6월 이다,2
628,스테이터스네트워크토큰(SNT)의 최초 발행일은 2016년 6월 이다,2
629,스테이터스네트워크토큰(SNT)는 이더리움(ETH)기반으로 하는 메신저 플랫폼 이다,1
630,스테이터스네트워크토큰(SNT)는 비트코인(BTC)기반으로 하는 메신저 플랫폼 이다,2
631,스테이터스네트워크토큰(SNT)는 라이트코인(LTC)기반으로 하는 메신저 플랫폼 이다,2
632,"나노(NANO)의 총 발행량은 133,248,290 NANO 이다",1
633,나노(NANO)의 총 발행량은 1억 3천 NANO 이다,1
634,"나노(NANO)의 총 발행량은 333,248,290 NANO 이다",2
635,"나노(NANO)의 총 발행량은 13,248,290 NANO 이다",2
636,나노(NANO)는 2015년 런칭한 RaiBlocks 에서 리브랜딩 되었다,1
637,나노(NANO)의 원래 이름은 RaiBlocks이며 2018년에 NANO로 리브랜딩 되었다,1
638,나노(NANO)의 원래 이름은 RaiBlocks이며 2016년에 NANO로 리브랜딩 되었다,2
639,나노(NANO)의 원래 이름은 RaiBlocks이며 2017년에 NANO로 리브랜딩 되었다,2
640,나노(NANO)의 원래 이름은 NANOBlocks이며 2015년에 NANO로 리브랜딩 되었다,2
641,나노(NANO)는 POW (Proof of Work) 증명 방식을 사용한다,2
642,나노(NANO)는 POS (Proof of Stake) 증명 방식을 사용한다,2
643,나노(NANO)는 DPOS (Delegated Proof of Stake) 증명 방식을 사용한다,1
644,나노(NANO)는 각각의 계정마다 각 계정의 블록체인이 존재 한다,1
645,나노(NANO)는 각각의 거래마다 각 거래의 블록체인이 존재 한다,2
646,나노(NANO)의 채굴 반감기는 4년 이다,2
647,나노(NANO)의 채굴 반감기는 3년 이다,2
648,나노(NANO)의 채굴 반감기는 2년 이다,2
649,나노(NANO)는 채굴이 불가능 하다,1
650,나노(NANO)의 블록 래티스 (Block-lattice)는 각 계정 당 고유의 블록체인을 소유 한다,1
651,도지코인 DOGECOIN (DOGE)의 최대 발행량은 제한이 없다,1
652,도지코인 DOGECOIN (DOGE)의 최대 발행량은 무제한 이다,1
653,도지코인 DOGECOIN (DOGE)의 최대 발행량은 1100억 DOGE 이다,2
654,도지코인 DOGECOIN (DOGE)의 최대 발행량은 180억 DOGE 이다,2
655,도지코인 DOGECOIN (DOGE)의 최초 발행일은 2013년 12월 이다,1
656,도지코인 DOGECOIN (DOGE)의 최초 발행일은 2013년  이다,1
657,도지코인 DOGECOIN (DOGE)의 최초 발행일은 2014년 12월 이다,2
658,도지코인 DOGECOIN (DOGE)의 최초 발행일은 2014년  이다,2
659,도지코인 DOGECOIN (DOGE)는  Scrypt 알고리즘을 사용한다,1
660,도지코인 DOGECOIN (DOGE)는 비트코인과 동일한 SHA-256 해시 알고리즘을 사용한다,2
661,도지코인 DOGECOIN (DOGE)는  Blake(2b) 알고리즘을 사용한다,2
662,"도지코인 DOGECOIN (DOGE)의 지갑주소는 D로 시작하며 34자리 숫자,문자 결합 방식 이다",1
663,"도지코인 DOGECOIN (DOGE)의 지갑주소는 DOGE로 시작하며 34자리 숫자,문자 결합 방식 이다",2
664,도지코인 DOGECOIN (DOGE)의 마스코트는 일본의 시바견을 모티브로 만들었다,1
665,도지코인 DOGECOIN (DOGE)의 마스코트는 한국의 진돗개를 모티브로 만들었다,2
666,도지코인 DOGECOIN (DOGE)의 블록 생성주기는 평균 1분 이다,1
667,도지코인 DOGECOIN (DOGE)의 블록 생성주기는 평균 60초 이다,1
668,도지코인 DOGECOIN (DOGE)의 블록 생성주기는 평균 10분 이다,2
669,도지코인 DOGECOIN (DOGE)의 블록 생성주기는 평균 3초 이다,2
670,"온톨로지 Ontology (ONT)의 최대 발행량은 1,000,000,000 ONT 이다",1
671,온톨로지 Ontology (ONT)의 최대 발행량은 10억 ONT 이다,1
672,"온톨로지 Ontology (ONT)의 최대 발행량은 10,000,000,000 ONT 이다",2
673,온톨로지 Ontology (ONT)의 최대 발행량은 1억 ONT 이다,2
674,온톨로지 Ontology (ONT)의 최대 발행량은 100억 ONT 이다,2
675,온톨로지 Ontology (ONT)의 최초 발행일은 2018년 2월 이다,1
676,온톨로지 Ontology (ONT)의 최초 발행일은 2018년 이다,1
677,온톨로지 Ontology (ONT)의 최초 발행일은 2017년 2월 이다,2
678,온톨로지 Ontology (ONT)의 최초 발행일은 2017년 12월 이다,2
679,온톨로지 Ontology (ONT)는 네오(NEO)의 창립자 다홍페이(Da Hongfei)의 또 다른 프로젝트 이다,1
680,온톨로지 Ontology (ONT)는 네오(NEO)의 토큰 이코노미와 거의 흡사 하다,1
681,"골렘(GNT)의 총 발행량은 1,000,000,000 GNT 이다",1
682,골렘(GNT)의 총 발행량은 10 억 GNT 이다,1
683,"골렘(GNT)의 총 발행량은 10,000,000,000 GNT 이다",2
684,골렘(GNT)의 총 발행량은 1억 GNT 이다,2
685,"골렘(GNT)의 공급은 10억 GNT 이며, 추가 발행은 없다",1
686,"골렘(GNT)의 공급은 1,000,000,000 GNT 이며, 추가 발행은 없다",1
687,골렘(GNT)은 이더리움(ETH)을 기반으로 만들어진 플랫폼 이다,1
688,골렘(GNT)은 지캐시 Zcash (ZEC)을 기반으로 만들어진 플랫폼 이다,2
689,"바이텀 Bytom (BTM)의 총 발행량은 1,407,000,000 BTM 이다",1
690,바이텀 Bytom (BTM)의 총 발행량은 14 억 BTM 이다,1
691,"바이텀 Bytom (BTM)의 총 발행량은 14,407,000,000 BTM 이다",2
692,바이텀 Bytom (BTM)의 총 발행량은 1140 억 BTM 이다,2
693,바이텀 Bytom (BTM)의 최초 발행일은 2017년 10월 이다,1
694,바이텀 Bytom (BTM)의 최초 발행일은 2017년 이다,1
695,바이텀 Bytom (BTM)의 최초 발행일은 2016년 10월 이다,2
696,바이텀 Bytom (BTM)의 최초 발행일은 2017년 1월 이다,2
697,바이텀 Bytom (BTM)은  Bitmark(BTM) 과 동일한 프로젝트 이다,2
698,바이텀 Bytom (BTM)은  Bitmark(BTM)의 설립자가 추가로 만든 프로젝트 이다,2
699,바이텀 Bytom (BTM)은  Bitmark(BTM)와 전혀 무관한 프로젝트 이다,1
700,"바이텀 Bytom (BTM)은 ICO에서 5,900 BTC를 펀딩 받았다",1
701,"바이텀 Bytom (BTM)은 ICO에서 5,900 ETH를 펀딩 받았다",2
702,"바이텀 Bytom (BTM)은 ICO에서 6,900 BTC를 펀딩 받았다",2
703,"피벡스(PIVX)의 총 발행한도는 43,166,500 PIVX 이다",1
704,피벡스(PIVX)의 총 발행한도는 4천 3백만 PIVX 이다,1
705,"피벡스(PIVX)의 총 발행한도는 430,166,500 PIVX 이다",2
706,피벡스(PIVX)의 총 발행한도는 4억 PIVX 이다,2
707,피벡스(PIVX)의 최초 발행일은 2016년 2월 이다,1
708,피벡스(PIVX)의 최초 발행일은 2016년 이다,1
709,피벡스(PIVX)의 최초 발행일은 2017년 2월 이다,2
710,피벡스(PIVX)의 최초 발행일은 2017년 이다,2
711,피벡스(PIVX)는 POW (Proof of Work) 증명 방식을 사용한다,2
712,피벡스(PIVX)는 POS (Proof of Stake) 증명 방식을 사용한다,1
713,피벡스(PIVX)는 DPOS (Delegated Proof of Stake) 증명 방식을 사용한다,2
714,피벡스(PIVX)는 최초의 PoS (Proof of Stake)기반 암호화폐 이다,1
715,피벡스(PIVX)는 최초의 DPoS (Delegated Proof of Stake)기반 암호화폐 이다,2
716,"피벡스(PIVX) 마스터노드(masternode)에 필요한 담보량은 10,000 PIV 이다",1
717,"피벡스(PIVX) 마스터노드(masternode)에 필요한 담보량은 100,000 PIV 이다",2
718,피벡스(PIVX) 마스터노드(masternode)에 필요한 담보량은 1000 PIV 이다,2
719,"피벡스(PIVX) 마스터노드(masternode)에 필요한 담보량은 1,000,000 PIV 이다",2
720,"시빅(CVC)의 총 발행한도는 1,000,000,000 CVC 이다",1
721,시빅(CVC)의 총 발행한도는 10 억 CVC 이다,1
722,"시빅(CVC)의 총 발행한도는 100,000,000 CVC 이다",2
723,시빅(CVC)의 총 발행한도는 1억 CVC 이다,2
724,시빅(CVC)의 최초 발행일은 2017년 7월 이다,1
725,시빅(CVC)의 최초 발행일은 2017년 이다,1
726,시빅(CVC)의 최초 발행일은 2016년 5월 이다,2
727,시빅(CVC)의 최초 발행일은 2016년 이다,2
728,시빅(CVC)는 신원확인을 제공하는 플랫폼 이다,1
729,시빅(CVC)의 유저들은 개인의 신상정보를 저장하는 것이 가능하다,1
730,"스트라티스(STRAT)의 총 발행한도는 98,000,000 STRAT 이다",1
731,스트라티스(STRAT)의 총 발행한도는 9천 8백만 STRAT 이다,1
732,"스트라티스(STRAT)의 총 발행한도는 980,000,000 STRAT 이다",2
733,스트라티스(STRAT)의 총 발행한도는 9억 STRAT 이다,2
734,스트라티스(STRAT)의 최초 발행일은 2016년 6월 이다,1
735,스트라티스(STRAT)의 최초 발행일은 2016년 이다,1
736,스트라티스(STRAT)의 최초 발행일은 2015년 6월 이다,2
737,스트라티스(STRAT)의 최초 발행일은 2015년 2월 이다,2
738,스트라티스(STRAT)의 블록 생성주기는 1분 이다,1
739,스트라티스(STRAT)의 블록 생성주기는 60초 이다,1
740,스트라티스(STRAT)의 블록 생성주기는 2분 이다,2
741,스트라티스(STRAT)의 블록 생성주기는 30초 이다,2
742,스트라티스(STRAT)는 POW (Proof of Work) 증명 방식을 사용한다,2
743,스트라티스(START)는 POS (Proof of Stake) 증명 방식을 사용한다,1
744,스트라티스(START)는 DPOS (Delegated Proof of Stake) 증명 방식을 사용한다,2
745,스트라티스(START)는 비트코인(BTC) 기반 플랫폼 이다,1
746,스트라티스(START)는 이더리음(ETH) 기반 플랫폼 이다,2
747,"스트라티스(START) 마스터노드(masternode)에 필요한 담보량은 250,000 START 과 5 BTC 이다",1
748,스트라티스(START) 마스터노드(masternode)에 필요한 담보량은 25만 START 과 5 BTC 이다,1
749,"스트라티스(START) 마스터노드(masternode)에 필요한 담보량은 25,000 START 과 5 BTC 이다",2
750,"스트라티스(START) 마스터노드(masternode)에 필요한 담보량은 25,000 START 과 2 BTC 이다",2
751,"애드엑스 AdEx (ADX)의 총 발행한도는 100,000,000 ADX 이다",1
752,애드엑스 AdEx (ADX)의 총 발행한도는 1억 ADX 이다,1
753,"애드엑스 AdEx (ADX)의 총 발행한도는 10,000,000 ADX 이다",2
754,"애드엑스 AdEx (ADX)의 총 발행한도는 1,000,000,000 ADX 이다",2
755,애드엑스 AdEx (ADX)의 최초 발행일은 2017년 8월 이다,1
756,애드엑스 AdEx (ADX)의 최초 발행일은 2017년 이다,1
757,애드엑스 AdEx (ADX)의 최초 발행일은 2016년 8월 이다,2
758,애드엑스 AdEx (ADX)의 최초 발행일은 2016년 12월 이다,2
759,애드엑스 AdEx (ADX)는 비트메인(BITMAIN)과 사업 파트너쉽을 맺고 있다,1
760,"아크(ARK)의 총 발행한도는 125,000,000 ARK 이다",1
761,아크(ARK)의 총 발행한도는 1억 2천 ARK 이다,1
762,"아크(ARK)의 총 발행한도는 12,500,000 ARK 이다",2
763,아크(ARK)의 총 발행한도는 10억 ARK 이다,2
764,아크(ARK)의 최초 발행일은 2016년 10월 이다,1
765,아크(ARK)의 최초 발행일은 2016년 이다,1
766,아크(ARK)의 최초 발행일은 2015년 10월 이다,2
767,아크(ARK)의 최초 발행일은 2017년 이다,2
768,아크(ARK)의 블록 생성주기는 8초 이다,1
769,아크(ARK)의 블록 생성주기는 30초 이다,2
770,아크(ARK)의 블록 생성주기는 3초 이다,2
771,아크(ARK)의 블록 생성주기는 1분 이다,2
772,아크(ARK)는 POW (Proof of Work) 증명 방식을 사용한다,2
773,아크(ARK)는 POS (Proof of Stake) 증명 방식을 사용한다,2
774,아크(ARK)는 DPOS (Delegated Proof of Stake) 증명 방식을 사용한다,1
775,"디마켓(DMT)의 총 발행한도는 56,921,773 DMT 이다",1
776,"디마켓(DMT)의 총 발행한도는 560,921,773 DMT 이다",2
777,디마켓(DMT)의 총 발행한도는 5 억 DMT 이다,2
778,디마켓(DMT)의 총 발행한도는 5 백만 DMT 이다,2
779,디마켓(DMT)의 최초 발행일은 2017년 10월 이다,1
780,디마켓(DMT)의 최초 발행일은 2017년 이다,1
781,디마켓(DMT)의 최초 발행일은 2016년 10월 이다,2
782,디마켓(DMT)의 최초 발행일은 2016년 이다,2
783,디마켓(DMT)는 스마트 컨트랙트 기반의 게임 아이템 거래 플랫폼 이다,1
784,디마켓(DMT)는 스마트 컨트랙트 기반의 부동산 거래 플랫폼 이다,2
785,디마켓(DMT)는 스마트 컨트랙트 기반의 직거래 플랫폼 이다,2
786,디마켓(DMT)는 스마트 컨트랙트 기반의 의류 거래 플랫폼 이다,2
787,"오에스티(OST)의 총 발행한도는 800,000,000 OST 이다",1
788,오에스티(OST)의 총 발행한도는 8 억 OST 이다,1
789,"오에스티(OST)의 총 발행한도는 80,000,000 OST 이다",2
790,오에스티(OST)의 총 발행한도는 80 억 OST 이다,2
791,오에스티(OST)의 최초 발행일은 2017년 12월 이다,1
792,오에스티(OST)의 최초 발행일은 2017년 이다,1
793,오에스티(OST)의 최초 발행일은 2018년 1월 이다,2
794,오에스티(OST)의 최초 발행일은 2018년 이다,2
795,오에스티(OST)는 기업의 브랜드 토큰을 발행할 수 있는 플랫폼 이다,1
796,오에스티(OST)는 스마트 컨트렉트 음악 스티리밍 서비스 이다,2
797,"코모도(KMD)의 총 발행한도는 200,000,000 KMD 이다",1
798,코모도(KMD)의 총 발행한도는 2 억 KMD 이다,1
799,"코모도(KMD)의 총 발행한도는 2,000,000,000 KMD 이다",2
800,코모도(KMD)의 총 발행한도는 1 억 KMD 이다,2
801,코모도(KMD)의 최초 발행일은 2016년 9월 이다,1
802,코모도(KMD)의 최초 발행일은 2016년 이다,1
803,코모도(KMD)의 최초 발행일은 2015년 9월 이다,2
804,코모도(KMD)의 최초 발행일은 2016년 3월 이다,2
805,코모도(KMD)는 PoW (Proof of Work) 증명 방식을 사용한다,2
806,코모도(KMD)는 PoS (Proof of Stake) 증명 방식을 사용한다,2
807,코모도(KMD)는 DPoS (Delegated Proof of Stake) 증명 방식을 사용한다,2
808,코모도(KMD)는 DPoW (Delegated Proof of Work) 증명 방식을 사용한다,1
809,코모도(KMD)의 블록 생성주기는 1분 이다,1
810,코모도(KMD)의 블록 생성주기는 60초 이다,1
811,코모도(KMD)의 블록 생성주기는 2분 이다,2
812,코모도(KMD)의 블록 생성주기는 120초 이다,2
813,코모도(KMD)는 Cryptonight 알고리즘을 사용한다,2
814,코모도(KMD)는 비트코인과 동일한 SHA-256 해시 알고리즘을 사용한다,2
815,코모도(KMD)는 Equihash 알고리즘을 사용한다,1
816,코모도(KMD)는 지캐시(ZEC)에서 포크된 코인 이다,1
817,코모도(KMD)는 다크코인(DARK)에서 포크된 코인 이다,2
818,코모도(KMD)는 라이트코인(LTC)에서 포크된 코인 이다,2
819,코모도(KMD)는 영지식증명(Zero-knowledge proof) 으로 확장성을 구현한다,2
820,코모도(KMD)는 영지식증명(Zero-knowledge proof) 으로 익명성을 구현한다,1
821,"모나코(MCO)의 총 발행한도는 31,587,682 MCO 이다",1
822,"모나코(MCO)의 총 발행한도는 310,587,682 MCO 이다",2
823,"모나코(MCO)의 총 발행한도는 1,310,587,682 MCO 이다",2
824,"모나코(MCO)의 총 발행한도는 3,587,682 MCO 이다",2
825,모나코(MCO)의 최초 발행일은 2017년 6월 이다,1
826,모나코(MCO)의 최초 발행일은 2017년 이다,1
827,모나코(MCO)의 최초 발행일은 2016년 6월 이다,2
828,모나코(MCO)의 최초 발행일은 2016년 8월 이다,2
829,모나코(MCO)는 PoW (Proof of Work) 증명 방식을 사용한다,1
830,모나코(MCO)는 PoS (Proof of Stake) 증명 방식을 사용한다,2
831,모나코(MCO)는 DPoS (Delegated Proof of Stake) 증명 방식을 사용한다,2
832,모나코(MCO)는 DPoW (Delegated Proof of Work) 증명 방식을 사용한다,2
833,모나코(MCO)는 가상화폐로 결제할 수 있는 체크카드를 제공 한다,1
834,모나코(MCO)의 법인 소재지는 홍콩 이다,1
835,모나코(MCO)의 대표인물은 크리스 말즈렉(Kris Marszalek) 이다,1
836,"모나코(MCO)가 발행한 블랙 모나코 카드는 999장 이며, 모두 소진 되었다",1
837,"모나코(MCO)는 가맹점에서 모나코 카드를 통해 결제할 경우, 최대 10% 캐시백 보상을 약속 한다",1
838,"모나코(MCO)는 가맹점에서 모나코 카드를 통해 결제할 경우, 최대 8% 캐시백 보상을 약속 한다",2
839,"모나코(MCO)는 가맹점에서 모나코 카드를 통해 결제할 경우, 최대 6% 캐시백 보상을 약속 한다",2
840,"시린토큰(SRN)의 총 발행한도는 573,145,073 SRN 이다",1
841,"시린토큰(SRN)의 총 발행한도는 973,145,073 SRN 이다",2
842,"시린토큰(SRN)의 총 발행한도는 1,573,145,073 SRN 이다",2
843,시린토큰(SRN)의 총 발행한도는 5억 7천 SRN 이다,1
844,시린토큰(SRN)의 최초 발행일은 2017년 12월 이다,1
845,시린토큰(SRN)의 최초 발행일은 2017년 이다,1
846,시린토큰(SRN)의 최초 발행일은 2018년 1월 이다,2
847,시린토큰(SRN)의 최초 발행일은 2018년 이다,2
848,시린토큰(SRN)은 블록체인 기반의 스마트폰 핀니(FINNEY)의 개발용 코인 이다,1
849,시린토큰(SRN)은 블록체인 기반의 차량 자율주행 개발용 코인 이다,2
850,"그로스톨코인(GRS)의 총 발행한도는 105,000,000 GRS 이다",1
851,그로스톨코인(GRS)의 총 발행한도는 1 억 GRS 이다,1
852,"그로스톨코인(GRS)의 총 발행한도는 205,000,000 GRS 이다",2
853,그로스톨코인(GRS)의 총 발행한도는 2 억 GRS 이다,2
854,그로스톨코인(GRS)의 최초 발행일은 2014년 3월 이다,1
855,그로스톨코인(GRS)의 최초 발행일은 2014년 이다,1
856,그로스톨코인(GRS)의 최초 발행일은 2015년 3월 이다,2
857,그로스톨코인(GRS)의 최초 발행일은 2015년 6월 이다,2
858,그로스톨코인(GRS)의 블록 생성주기는 1분 이다,1
859,그로스톨코인(GRS)의 블록 생성주기는 60초 이다,1
860,그로스톨코인(GRS)의 블록 생성주기는 2분 이다,2
861,그로스톨코인(GRS)의 블록 생성주기는 120초 이다,2
862,그로스톨코인(GRS)의 블록 크기는 1 MB 이다,1
863,그로스톨코인(GRS)의 블록 크기는 2 MB 이다,2
864,그로스톨코인(GRS)의 블록 크기는 1024 Byte 이다,1
865,그로스톨코인(GRS)의 블록 크기는 2048 Byte 이다,2
866,"비트코인 다이아몬드(BCD)의 총 발행한도는 210,000,000 BCD 이다",1
867,비트코인 다이아몬드(BCD)의 총 발행한도는 2 억 BCD 이다,1
868,"비트코인 다이아몬드(BCD)의 총 발행한도는 21,000,000 BCD 이다",2
869,"비트코인 다이아몬드(BCD)의 총 발행한도는 310,000,000 BCD 이다",2
870,비트코인 다이아몬드(BCD)의 최초 발행일은 2017년 11월 이다,1
871,비트코인 다이아몬드(BCD)의 최초 발행일은 2017년 이다,1
872,비트코인 다이아몬드(BCD)의 최초 발행일은 2018년 1월 이다,2
873,비트코인 다이아몬드(BCD)의 최초 발행일은 2018년 2월 이다,2
874,비트코인 다이아몬드(BCD)는 PoW (Proof of Work) 증명 방식을 사용한다,1
875,비트코인 다이아몬드(BCD)는 PoS (Proof of Stake) 증명 방식을 사용한다,2
876,비트코인 다이아몬드(BCD)는 DPoS (Delegated Proof of Stake) 증명 방식을 사용한다,2
877,비트코인 다이아몬드(BCD)는 DPoW (Delegated Proof of Work) 증명 방식을 사용한다,2
878,비트코인 다이아몬드(BCD)는 X13 알고리즘을 사용한다,1
879,비트코인 다이아몬드(BCD)는 비트코인과 동일한 SHA-256 해시 알고리즘을 사용한다,2
880,비트코인 다이아몬드(BCD)는 Equihash 알고리즘을 사용한다,2
881,"메인프레임(MFT)의 총 발행한도는 10,000,000,000 MFT 이다",1
882,메인프레임(MFT)의 총 발행한도는 100 억 MFT 이다,1
883,"메인프레임(MFT)의 총 발행한도는 1,000,000,000 MFT 이다",2
884,메인프레임(MFT)의 총 발행한도는 1 억 MFT 이다,2
885,메인프레임(MFT)의 최초 발행일은 2018년 7월 이다,1
886,메인프레임(MFT)의 최초 발행일은 2018년 이다,1
887,메인프레임(MFT)의 최초 발행일은 2017년 7월 이다,2
888,메인프레임(MFT)의 최초 발행일은 2018년 2월 이다,2
889,메인프레임(MFT)은 PoW (Proof of Work) 증명 방식을 사용한다,1
890,메인프레임(MFT)은 PoS (Proof of Stake) 증명 방식을 사용한다,2
891,메인프레임(MFT)은 DPoS (Delegated Proof of Stake) 증명 방식을 사용한다,2
892,메인프레임(MFT)은 DPoW (Delegated Proof of Work) 증명 방식을 사용한다,2
893,메인프레임(MFT)은 Keccak-256 알고리즘을 사용한다,1
894,메인프레임(MFT)은 이더리움과 동일한  Ethash 알고리즘을 사용한다,2
895,메인프레임(MFT)은 Equihash 알고리즘을 사용한다,2
896,드라이클리닝은 북한말로 화학빨래 이다,1
897,드라이클리닝은 북한말로 화학세탁 이다,2
898,레드코인(RDD)의 총 발행한도는 270억 RDD 이다,1
899,"레드코인(RDD)의 총 발행한도는 27,000,000,000 RDD 이다",1
900,레드코인(RDD)의 총 발행한도는 27억 RDD 이다,2
901,"레드코인(RDD)의 총 발행한도는 2,700,000,000 RDD 이다",2
902,레드코인(RDD)의 최초 발행일은 2014년 4월 이다,1
903,레드코인(RDD)의 최초 발행일은 2014년 이다,1
904,레드코인(RDD)의 최초 발행일은 2015년 4월 이다,2
905,레드코인(RDD)의 최초 발행일은 2015년 이다,2
906,레드코인(RDD)의 블록 생성주기는 1분 이다,1
907,레드코인(RDD)의 블록 생성주기는 60초 이다,1
908,레드코인(RDD)의 블록 생성주기는 2분 이다,2
909,레드코인(RDD)의 블록 생성주기는 120초 이다,2
910,레드코인(RDD)은 PoW (Proof of Work) 증명 방식을 사용한다,2
911,레드코인(RDD)은 PoS (Proof of Stake) 증명 방식을 사용한다,2
912,레드코인(RDD)은 DPoS (Delegated Proof of Stake) 증명 방식을 사용한다,2
913,레드코인(RDD)은 PoSV (Proof of Stake Velocity) 증명 방식을 사용한다,1
914,"레드코인(RDD)는 트위터, 페이스북,YOUTUBE 등의 SNS에서 송금을 목적으로 개발 되었다 ",1
915,"디지바이트(DGB)의 총 발행한도는 21,000,000,000 DGB 이다",1
916,디지바이트(DGB)의 총 발행한도는 210억 DGB 이다,1
917,"디지바이트(DGB)의 총 발행한도는 2,100,000,000 DGB 이다",2
918,디지바이트(DGB)의 총 발행한도는 21억 DGB 이다,2
919,디지바이트(DGB)의 블록 생성주기는 15초 이다 ,1
920,디지바이트(DGB)의 블록 생성주기는 1분 이다 ,2
921,디지바이트(DGB)의 블록 생성주기는 60초 이다 ,2
922,디지바이트(DGB)의 블록 생성주기는 30초 이다 ,2
923,디지바이트(DGB)는 PoW (Proof of Work) 증명 방식을 사용한다,1
924,디지바이트(DGB)는 PoS (Proof of Stake) 증명 방식을 사용한다,2
925,디지바이트(DGB)는 DPoS (Delegated Proof of Stake) 증명 방식을 사용한다,2
926,디지바이트(DGB)는 PoWD (Proof of WorkDigi) 증명 방식을 사용한다,2
927,디지바이트(DGB)는 비트코인(BTC)에서 포크 된 코인 이다,1
928,디지바이트(DGB)는 비트코인(XBT)에서 포크 된 코인 이다,1
929,디지바이트(DGB)는 이더리움(ETH)에서 포크 된 코인 이다,2
930,디지바이트(DGB)는 비트코인캐시(BCH)에서 포크 된 코인 이다,2
931,디지바이트(DGB)의 멀티알고리즘(MultiAlgo)은 총 5개의 알고리즘이 각각 20%의 블록을 채굴 한다,1
932,디지바이트(DGB)의 멀티알고리즘(MultiAlgo)은 총 4개의 알고리즘이 각각 25%의 블록을 채굴 한다,2
933,"디지바이트(DGB)의 멀티알고리즘(MultiAlgo)에는 [Sha256, scrypt, Groestl, Skein, Qubit]이 포함되어 있다",1
934,"디지바이트(DGB)의 멀티알고리즘(MultiAlgo)에는 [Sha256, Ethash, Groestl, Skein, Qubit]이 포함되어 있다",2
935,"디지바이트(DGB)의 멀티알고리즘(MultiAlgo)에는 [Sha256, scrypt, Groestl, Equihash, Qubit]이 포함되어 있다",2
936,"디지바이트(DGB)의 멀티알고리즘(MultiAlgo)에는 [Sha256, scrypt, Cryptonight, Skein, Qubit]이 포함되어 있다",2
937,디지바이트(DGB)의 법인명은 대구 홀딩스(DG holdings) 이다,2
938,디지바이트(DGB)의 법인 소재지는 대구광역시에 위치 한다,2
939,디지바이트(DGB)는 한국의 DGB대구은행에서 개발된 프로젝트 이다,2
940,"이더리움클래식(ETC)의 총 발행한도는 210,000,000 ETC 이다",1
941,"이더리움클래식(ETC)의 총 발행한도는 210,000,000 ETC 이다",1
942,"이더리움클래식(ETC)의 총 발행한도는 210,000,000 ETC 이다",2
943,"이더리움클래식(ETC)의 총 발행한도는 210,000,000 ETC 이다",2
944,이더리움클래식(ETC)의 최초 발행일은 2016년 7월 이다,1
945,이더리움클래식(ETC)의 최초 발행일은 2016년 이다,1
946,이더리움클래식(ETC)의 최초 발행일은 2015년 7월 이다,2
947,이더리움클래식(ETC)의 최초 발행일은 2015년 이다,2
948,이더리움클래식(ETC)의 블록 생성주기는 15초 이다,1
949,이더리움클래식(ETC)의 블록 생성주기는 30초 이다,2
950,이더리움클래식(ETC)의 블록 생성주기는 1분 이다,2
951,이더리움클래식(ETC)의 블록 생성주기는 10초 이다,2
952,이더리움클래식(ETC)은 PoW (Proof of Work) 증명 방식을 사용한다,1
953,이더리움클래식(ETC)은 PoS (Proof of Stake) 증명 방식을 사용한다,2
954,이더리움클래식(ETC)은 DPoS (Delegated Proof of Stake) 증명 방식을 사용한다,2
955,이더리움클래식(ETC)은 PoWC (Proof of Work Classic) 증명 방식을 사용한다,2
956,이더리움클래식(ETC)은 비트코인(BTC)에서 포크 된 코인 이다,2
957,이더리움클래식(ETC)은 비트코인(XBT)에서 포크 된 코인 이다,2
958,이더리움클래식(ETC)은 이더리움(ETH)에서 포크 된 코인 이다,1
959,이더리움클래식(ETC)의 채굴 보상은 500만 블록마다 20%씩 감소 한다,1
960,"이더리움클래식(ETC)의 채굴 보상은 5,000,000 블록마다 20%씩 감소 한다",1
961,이더리움클래식(ETC)은 이더리움(ETH)과 동일하게 무제한 발행 된다,2
962,이더리움클래식(ETC)은 이더리움(ETH)과 동일하게 발행 한도가 없다,2
963,"디지털노트(XDN)의 총 발행한도는 8,589,869,056 XDN 이다",1
964,디지털노트(XDN)의 총 발행한도는 85억  XDN 이다,1
965,"디지털노트(XDN)의 총 발행한도는 889,869,056 XDN 이다",2
966,"디지털노트(XDN)의 총 발행한도는 88,589,869,056 XDN 이다",2
967,디지털노트(XDN)의 최초 발행일은 2014년 5월 이다,1
968,디지털노트(XDN)의 최초 발행일은 2014년 이다,1
969,디지털노트(XDN)의 최초 발행일은 2015년 5월 이다,2
970,디지털노트(XDN)의 최초 발행일은 2015년 이다,2
971,디지털노트(XDN)의 블록 생성주기는 4분 이다,1
972,디지털노트(XDN)의 블록 생성주기는 240초 이다,1
973,디지털노트(XDN)의 블록 생성주기는 2분 이다,2
974,디지털노트(XDN)의 블록 생성주기는 120초 이다,2
975,디지털노트(XDN)의 블록 생성주기는 60초 이다,2
976,디지털노트(XDN)의 블록 생성주기는 30초 이다,2
977,디지털노트(XDN)는 PoW (Proof of Work) 증명 방식을 사용한다,2
978,디지털노트(XDN)는 PoS (Proof of Stake) 증명 방식을 사용한다,2
979,디지털노트(XDN)는 DPoS (Delegated Proof of Stake) 증명 방식을 사용한다,2
980,디지털노트(XDN)는 PoA (Proof of Activity) 증명 방식을 사용한다,1
981,"넴(XEM)의 총 발행한도는 9,000,000,000 XEM 이다",1
982,넴(XEM)의 총 발행한도는 90 억 XEM 이다,1
983,"넴(XEM)의 총 발행한도는 900,000,000 XEM 이다",2
984,넴(XEM)의 총 발행한도는 9 억 XEM 이다,2
985,넴(XEM)의 최초 발행일은 2015년 3월 이다,1
986,넴(XEM)의 최초 발행일은 2015년 이다,1
987,넴(XEM)의 최초 발행일은 2016년 3월 이다,2
988,넴(XEM)의 최초 발행일은 2016년 이다,2
989,넴(XEM)은  PoW (Proof of Work) 증명 방식을 사용한다,2
990,넴(XEM)은  PoS (Proof of Stake) 증명 방식을 사용한다,2
991,넴(XEM)은  DPoS (Delegated Proof of Stake) 증명 방식을 사용한다,2
992,넴(XEM)은  PoI (Proof of Importance) 증명 방식을 사용한다,1
993,넴(XEM)은 New Economy Movement의 약자 이다,1
994,넴(XEM)은 New Energy Movement의 약자 이다,2
995,넴(XEM)은 New Economy Minimalism 의 약자 이다,2
996,"넴(XEM)의 하베스팅(harvesting)에 필요한 최소 담보량은 10,000 XEM 이다",1
997,"넴(XEM)의 하베스팅(harvesting)에 필요한 최소 담보량은 50,000 XEM 이다",2
998,넴(XEM)의 PoI (Proof of Importance)에서는 채굴 과정을 하베스팅(harvesting) 이라 한다,1
999,넴(XEM)의 PoI (Proof of Importance)에서는 채굴 과정을 파밍 (Farming) 이라 한다,2
